index,nutrient_sums,suitable_combinations
0,"豆腐(内脂): 264.5克,鸡蛋: 144.2克,香菜: 40.0克,火腿: 11.5克,猪肉(瘦): 6.1克,玉米淀粉: 100.0克,精盐: 0.3克,花生油: 0.0克"," (12, 15)_女_高,YES: 硫胺素(毫克): 0.42846000000000006符合,蛋白质(克): 37.401900000000005 within (20.0, 40.833333333333336),镁(毫克): 100.93100000000001符合,脂肪(克): 21.5043 within (18.146666666666665, 27.223333333333333),烟酸(毫克): 4.3742 within (4.0, 10.0),铁(毫克): 10.599 within (6.0, 13.333333333333334),维生素E(毫克): 11.708720000000001 within (4.333333333333333, 166.66666666666666),锌(毫克): 3.7424600000000003 within (2.5, 10.666666666666666),维生素A(微克): 345.40200000000004 within (243.33333333333334, 800.0),铜(毫克): 0.7304799999999999 within (0.2333333333333333, 2.0),钾(毫克): 634.09符合,钠(毫克): 478.66200000000003符合,硒(微克): 24.654479999999996 within (20.0, 100.0), NO: 钙(毫克): 184.89400000000003 not (333.3333333333333, 666.6666666666666),核黄素(毫克): 0.5811400000000001不合适,维生素C(毫克): 19.200000000000003 not (31.666666666666668, 533.3333333333334),锰(毫克): 0.91468 not (1.3333333333333333, 3.0),膳食纤维(克): 1.6380000000000001 not (6.666666666666667, 8.333333333333334),磷(毫克): 404.70400000000006不合适"
