index,nutrient_sums,suitable_combinations
0,"豆腐(内脂): 255.1克,鸡蛋: 109.4克,香菜: 46.9克,火腿: 10.3克,猪肉(瘦): 16.4克,玉米淀粉: 77.0克,精盐: 0.3克,花生油: 1.4克"," (12, 15)_男_低,YES: 硫胺素(毫克): 0.43266000000000004符合,蛋白质(克): 34.0506 within (23.333333333333332, 38.333333333333336),核黄素(毫克): 0.49404符合,镁(毫克): 98.45500000000001符合,脂肪(克): 19.976300000000002 within (17.033333333333335, 25.566666666666666),烟酸(毫克): 4.617900000000001 within (4.333333333333333, 10.0),铁(毫克): 9.4311 within (5.333333333333333, 13.333333333333334),维生素E(毫克): 11.431419999999997 within (4.333333333333333, 166.66666666666666),锌(毫克): 3.6070800000000007 within (2.8333333333333335, 10.666666666666666),维生素A(微克): 267.95000000000005 within (260.0, 800.0),铜(毫克): 0.6769199999999999 within (0.2333333333333333, 2.0),钾(毫克): 617.285符合,钠(毫克): 427.127符合,硒(微克): 20.406690000000005 within (20.0, 100.0), NO: 钙(毫克): 167.38700000000003 not (333.3333333333333, 666.6666666666666),维生素C(毫克): 22.512 not (31.666666666666668, 533.3333333333334),锰(毫克): 0.8913700000000001 not (1.5, 3.0),膳食纤维(克): 1.6602000000000001 not (6.666666666666667, 8.333333333333334),磷(毫克): 370.33399999999995不合适"
