index,nutrient_sums,suitable_combinations
0,"豆腐(内脂): 336.1克,鸡蛋: 112.8克,香菜: 19.7克,火腿: 23.7克,猪肉(瘦): 3.6克,玉米淀粉: 122.1克,精盐: 0.0克,花生油: 0.4克"," (12, 15)_男_高,YES: 硫胺素(毫克): 0.45605符合,蛋白质(克): 38.150000000000006 within (23.333333333333332, 48.333333333333336),核黄素(毫克): 0.50674符合,镁(毫克): 111.419符合,脂肪(克): 23.6298 within (21.48, 32.233333333333334),烟酸(毫克): 5.2394 within (4.333333333333333, 10.0),铁(毫克): 11.041099999999998 within (5.333333333333333, 13.333333333333334),维生素E(毫克): 13.560060000000002 within (4.333333333333333, 166.66666666666666),锌(毫克): 3.9093700000000005 within (2.8333333333333335, 10.666666666666666),维生素A(微克): 276.438 within (260.0, 800.0),铜(毫克): 0.7564900000000001 within (0.2333333333333333, 2.0),钾(毫克): 619.4830000000001符合,钠(毫克): 446.7211符合,硒(微克): 20.89819 within (20.0, 100.0), NO: 钙(毫克): 163.15500000000003 not (333.3333333333333, 666.6666666666666),维生素C(毫克): 9.456 not (31.666666666666668, 533.3333333333334),锰(毫克): 1.0470700000000002 not (1.5, 3.0),膳食纤维(克): 1.7029 not (6.666666666666667, 8.333333333333334),磷(毫克): 406.58899999999994不合适"
