index,nutrient_sums,suitable_combinations
0,"豆腐(内脂): 290.4克,鸡蛋: 116.3克,香菜: 40.0克,火腿: 20.3克,猪肉(瘦): 0.0克,玉米淀粉: 80.5克,精盐: 0.1克,花生油: 0.7克"," (12, 15)_女_中,YES: 硫胺素(毫克): 0.39916符合,蛋白质(克): 34.9219 within (20.0, 36.666666666666664),镁(毫克): 103.43199999999999符合,脂肪(克): 22.254 within (16.296666666666667, 24.44333333333333),烟酸(毫克): 4.615100000000001 within (4.0, 10.0),铁(毫克): 9.497100000000001 within (6.0, 13.333333333333334),维生素E(毫克): 12.38378 within (4.333333333333333, 166.66666666666666),锌(毫克): 3.57103 within (2.5, 10.666666666666666),维生素A(微克): 281.48 within (243.33333333333334, 800.0),铜(毫克): 0.7097500000000001 within (0.2333333333333333, 2.0),钾(毫克): 614.9029999999999符合,钠(毫克): 455.9272符合,硒(微克): 20.40501 within (20.0, 100.0), NO: 钙(毫克): 170.10100000000003 not (333.3333333333333, 666.6666666666666),核黄素(毫克): 0.5075999999999999不合适,维生素C(毫克): 19.200000000000003 not (31.666666666666668, 533.3333333333334),锰(毫克): 0.9645300000000001 not (1.3333333333333333, 3.0),膳食纤维(克): 1.7221 not (6.666666666666667, 8.333333333333334),磷(毫克): 374.818不合适"
