index,nutrient_sums,suitable_combinations
0,"豆腐(内脂): 343.1克,鸡蛋: 95.6克,香菜: 0.0克,火腿: 8.9克,猪肉(瘦): 41.3克,玉米淀粉: 9.4克,精盐: 0.4克,花生油: 0.0克"," (12, 15)_女_低,YES: 核黄素(毫克): 0.41412符合,镁(毫克): 104.581符合,脂肪(克): 19.9403 within (14.443333333333333, 21.666666666666668),烟酸(毫克): 4.278199999999999 within (4.0, 10.0),铁(毫克): 6.4716000000000005 within (6.0, 13.333333333333334),维生素E(毫克): 13.15572 within (4.333333333333333, 166.66666666666666),锌(毫克): 4.37518 within (2.5, 10.666666666666666),维生素A(微克): 245.96999999999997 within (243.33333333333334, 800.0),铜(毫克): 0.64912 within (0.2333333333333333, 2.0),钾(毫克): 619.5219999999999符合,钠(毫克): 425.9724符合,硒(微克): 20.744000000000003 within (20.0, 100.0), NO: 硫胺素(毫克): 0.56178不合适,钙(毫克): 116.38799999999998 not (333.3333333333333, 666.6666666666666),蛋白质(克): 39.7905 not (20.0, 32.5),维生素C(毫克): 0.0 not (31.666666666666668, 533.3333333333334),锰(毫克): 0.9521100000000002 not (1.3333333333333333, 3.0),膳食纤维(克): 1.3818000000000001 not (6.666666666666667, 8.333333333333334),磷(毫克): 408.264不合适"
