index,nutrient_sums,suitable_combinations
0,"豆腐(内脂): 303.6克,鸡蛋: 114.3克,香菜: 3.3克,火腿: 28.0克,猪肉(瘦): 20.7克,玉米淀粉: 0.0克,精盐: 0.0克,花生油: 0.3克"," (12, 15)_男_中,YES: 硫胺素(毫克): 0.49939符合,蛋白质(克): 39.123400000000004 within (23.333333333333332, 43.333333333333336),核黄素(毫克): 0.45021000000000005符合,镁(毫克): 96.164符合,脂肪(克): 25.095100000000002 within (19.26, 28.900000000000002),烟酸(毫克): 4.7171 within (4.333333333333333, 10.0),铁(毫克): 6.056200000000001 within (5.333333333333333, 13.333333333333334),维生素E(毫克): 12.44744 within (4.333333333333333, 166.66666666666666),锌(毫克): 4.16712 within (2.8333333333333335, 10.666666666666666),维生素A(微克): 289.45 within (260.0, 800.0),铜(毫克): 0.6186799999999999 within (0.2333333333333333, 2.0),钾(毫克): 598.1560000000001符合,钠(毫克): 487.5244符合,硒(微克): 21.659769999999998 within (20.0, 100.0), NO: 钙(毫克): 121.07100000000001 not (333.3333333333333, 666.6666666666666),维生素C(毫克): 1.584 not (31.666666666666668, 533.3333333333334),锰(毫克): 0.8627200000000002 not (1.5, 3.0),膳食纤维(克): 1.2540000000000002 not (6.666666666666667, 8.333333333333334),磷(毫克): 387.627不合适"
