index,nutrient_sums,suitable_combinations
0,"豆腐(内脂): 281.6克,鸡蛋: 120.6克,香菜: 30.8克,火腿: 28.3克,猪肉(瘦): 31.3克,玉米淀粉: 56.6克,精盐: 0.1克,花生油: 1.0克"," (15, 18)_男_高,YES: 硫胺素(毫克): 0.57918符合,蛋白质(克): 42.23530000000001 within (25.0, 55.0),核黄素(毫克): 0.53263符合,镁(毫克): 106.711符合,脂肪(克): 26.8368 within (24.44333333333333, 36.666666666666664),烟酸(毫克): 6.4789 within (5.0, 11.0),铁(毫克): 9.4136 within (5.333333333333333, 13.333333333333334),维生素E(毫克): 12.39902 within (4.666666666666667, 200.0),锌(毫克): 4.61713 within (3.8333333333333335, 12.333333333333334),维生素A(微克): 308.99399999999997 within (270.0, 933.3333333333334),铜(毫克): 0.7099899999999999 within (0.26666666666666666, 2.3333333333333335),钾(毫克): 699.297符合,钠(毫克): 559.9947999999999符合,硒(微克): 23.94379 within (20.0, 116.66666666666667), NO: 钙(毫克): 159.57299999999998 not (333.3333333333333, 666.6666666666666),维生素C(毫克): 14.783999999999999 not (33.333333333333336, 600.0),锰(毫克): 0.9192400000000001 not (1.6666666666666667, 3.3333333333333335),膳食纤维(克): 1.5526 not (8.333333333333334, 10.0),磷(毫克): 431.311不合适"
