index,nutrient_sums,suitable_combinations
0,"豆腐(内脂): 322.5克,鸡蛋: 131.7克,香菜: 40.0克,火腿: 24.8克,猪肉(瘦): 0.0克,玉米淀粉: 0.0克,精盐: 0.2克,花生油: 0.0克"," (15, 18)_女_中,YES: 硫胺素(毫克): 0.42381符合,蛋白质(克): 38.3291 within (20.0, 39.166666666666664),镁(毫克): 108.73400000000001符合,脂肪(克): 24.6723 within (17.406666666666666, 26.099999999999998),烟酸(毫克): 4.2437000000000005 within (4.0, 11.0),铁(毫克): 6.921600000000001 within (6.0, 13.333333333333334),维生素E(毫克): 13.455179999999999 within (4.666666666666667, 200.0),锌(毫克): 3.9386100000000006 within (2.6666666666666665, 12.333333333333334),维生素A(微克): 319.586 within (223.33333333333334, 933.3333333333334),铜(毫克): 0.7209199999999999 within (0.26666666666666666, 2.3333333333333335),钾(毫克): 672.5809999999999符合,钠(毫克): 561.3490999999999符合,硒(微克): 22.44363 within (20.0, 116.66666666666667), NO: 钙(毫克): 169.76500000000001 not (333.3333333333333, 666.6666666666666),核黄素(毫克): 0.53066不合适,维生素C(毫克): 19.200000000000003 not (33.333333333333336, 600.0),锰(毫克): 1.01368 not (1.3333333333333333, 3.3333333333333335),膳食纤维(克): 1.77 not (8.333333333333334, 10.0),磷(毫克): 396.955不合适"
