index,nutrient_sums,suitable_combinations
0,"豆腐(内脂): 331.0克,鸡蛋: 99.5克,香菜: 14.5克,火腿: 19.2克,猪肉(瘦): 32.5克,玉米淀粉: 0.0克,精盐: 0.3克,花生油: 0.5克"," (15, 18)_女_高,YES: 蛋白质(克): 39.714 within (20.0, 44.166666666666664),核黄素(毫克): 0.43803000000000003符合,镁(毫克): 106.156符合,脂肪(克): 22.8783 within (19.63, 29.333333333333332),烟酸(毫克): 4.8847 within (4.0, 11.0),铁(毫克): 6.4734 within (6.0, 13.333333333333334),维生素E(毫克): 13.2118 within (4.666666666666667, 200.0),锌(毫克): 4.36984 within (2.6666666666666665, 12.333333333333334),维生素A(微克): 255.96200000000002 within (223.33333333333334, 933.3333333333334),铜(毫克): 0.6622800000000001 within (0.26666666666666666, 2.3333333333333335),钾(毫克): 648.5319999999999符合,钠(毫克): 504.3434符合,硒(微克): 20.68315 within (20.0, 116.66666666666667), NO: 硫胺素(毫克): 0.54311不合适,钙(毫克): 129.287 not (333.3333333333333, 666.6666666666666),维生素C(毫克): 6.959999999999999 not (33.333333333333336, 600.0),锰(毫克): 0.9609500000000002 not (1.3333333333333333, 3.3333333333333335),膳食纤维(克): 1.498 not (8.333333333333334, 10.0),磷(毫克): 403.905不合适"
