index,nutrient_sums,suitable_combinations
0,"豆腐(内脂): 265.5克,鸡蛋: 100.0克,香菜: 20.0克,火腿: 28.8克,猪肉(瘦): 64.2克,玉米淀粉: 50.0克,精盐: 0.0克,花生油: 1.6克"," (15, 18)_男_中,YES: 蛋白质(克): 45.1756 within (25.0, 49.166666666666664),核黄素(毫克): 0.48777000000000004符合,镁(毫克): 105.16199999999999符合,脂肪(克): 27.4445 within (21.853333333333335, 32.766666666666666),烟酸(毫克): 7.865900000000001 within (5.0, 11.0),铁(毫克): 9.31 within (5.333333333333333, 13.333333333333334),维生素E(毫克): 11.776939999999998 within (4.666666666666667, 200.0),锌(毫克): 5.24459 within (3.8333333333333335, 12.333333333333334),维生素A(微克): 275.496 within (270.0, 933.3333333333334),铜(毫克): 0.66821 within (0.26666666666666666, 2.3333333333333335),钾(毫克): 723.811符合,钠(毫克): 511.2826符合,硒(微克): 23.89515 within (20.0, 116.66666666666667), NO: 硫胺素(毫克): 0.71962不合适,钙(毫克): 135.243 not (333.3333333333333, 666.6666666666666),维生素C(毫克): 9.600000000000001 not (33.333333333333336, 600.0),锰(毫克): 0.84736 not (1.6666666666666667, 3.3333333333333335),膳食纤维(克): 1.352 not (8.333333333333334, 10.0),磷(毫克): 451.13300000000004不合适"
