index,nutrient_sums,suitable_combinations
0,"豆腐(内脂): 199.2克,鸡蛋: 104.7克,香菜: 70.1克,火腿: 30.3克,猪肉(瘦): 38.9克,玉米淀粉: 50.0克,精盐: 0.0克,花生油: 2.0克"," (15, 18)_男_低,YES: 硫胺素(毫克): 0.5726300000000001符合,蛋白质(克): 38.491600000000005 within (25.0, 43.333333333333336),核黄素(毫克): 0.52676符合,镁(毫克): 100.236符合,脂肪(克): 26.0408 within (19.26, 28.900000000000002),烟酸(毫克): 7.5667 within (5.0, 11.0),铁(毫克): 9.612099999999998 within (5.333333333333333, 13.333333333333334),维生素C(毫克): 33.647999999999996 within (33.333333333333336, 600.0),维生素E(毫克): 10.19706 within (4.666666666666667, 200.0),锌(毫克): 4.43494 within (3.8333333333333335, 12.333333333333334),维生素A(微克): 276.05199999999996 within (270.0, 933.3333333333334),铜(毫克): 0.66825 within (0.26666666666666666, 2.3333333333333335),钾(毫克): 730.4749999999999符合,钠(毫克): 539.2854符合,硒(微克): 21.93838 within (20.0, 116.66666666666667), NO: 钙(毫克): 175.78 not (333.3333333333333, 666.6666666666666),锰(毫克): 0.8114700000000001 not (1.6666666666666667, 3.3333333333333335),膳食纤维(克): 1.688 not (8.333333333333334, 10.0),磷(毫克): 397.594不合适"
