index,nutrient_sums,suitable_combinations
0,"豆腐(内脂): 212.8克,鸡蛋: 116.5克,香菜: 91.1克,火腿: 17.6克,猪肉(瘦): 19.9克,玉米淀粉: 0.0克,精盐: 0.2克,花生油: 0.7克"," (15, 18)_女_低,YES: 硫胺素(毫克): 0.44901符合,蛋白质(克): 34.63 within (20.0, 35.0),镁(毫克): 101.29799999999999符合,脂肪(克): 21.4151 within (15.556666666666667, 23.333333333333332),烟酸(毫克): 5.443899999999999 within (4.0, 11.0),铁(毫克): 7.6808 within (6.0, 13.333333333333334),维生素C(毫克): 43.727999999999994 within (33.333333333333336, 600.0),维生素E(毫克): 10.312560000000001 within (4.666666666666667, 200.0),锌(毫克): 3.8408599999999997 within (2.6666666666666665, 12.333333333333334),维生素A(微克): 289.462 within (223.33333333333334, 933.3333333333334),铜(毫克): 0.6799999999999998 within (0.26666666666666666, 2.3333333333333335),钾(毫克): 728.812符合,钠(毫克): 492.3484符合,硒(微克): 21.32431 within (20.0, 116.66666666666667), NO: 钙(毫克): 195.27700000000002 not (333.3333333333333, 666.6666666666666),核黄素(毫克): 0.5416700000000001不合适,锰(毫克): 0.8708600000000001 not (1.3333333333333333, 3.3333333333333335),膳食纤维(克): 1.9444 not (8.333333333333334, 10.0),磷(毫克): 370.94100000000003不合适"
