index,nutrient_sums,suitable_combinations
0,"豆腐(内脂): 277.9克,鸡蛋: 90.7克,香菜: 11.7克,火腿: 0.0克,猪肉(瘦): 67.8克,玉米淀粉: 66.7克,精盐: 0.7克,花生油: 0.6克"," (18, 30)_女_低,YES: 核黄素(毫克): 0.43912符合,镁(毫克): 100.60499999999999符合,脂肪(克): 18.1782 within (12.593333333333334, 18.900000000000002),烟酸(毫克): 5.5996 within (4.0, 11.666666666666666),铁(毫克): 9.1029 within (6.0, 14.0),维生素E(毫克): 11.304899999999998 within (4.666666666666667, 233.33333333333334),锌(毫克): 4.670610000000001 within (2.8333333333333335, 13.333333333333334),维生素A(微克): 242.07 within (220.0, 1000.0),铜(毫克): 0.64504 within (0.26666666666666666, 2.6666666666666665),钾(毫克): 647.737符合,磷(毫克): 426.953 within (240.0, 1166.6666666666667),钠(毫克): 461.1157符合,硒(微克): 22.23428 within (20.0, 133.33333333333334), NO: 硫胺素(毫克): 0.65732不合适,钙(毫克): 126.152 not (266.6666666666667, 666.6666666666666),蛋白质(克): 40.7325 not (18.333333333333332, 28.333333333333332),维生素C(毫克): 5.616 not (33.333333333333336, 666.6666666666666),锰(毫克): 0.8492799999999999 not (1.3333333333333333, 3.6666666666666665),膳食纤维(克): 1.3187 not (8.333333333333334, 10.0)"
