index,nutrient_sums,suitable_combinations
0,"豆腐(内脂): 333.8克,鸡蛋: 111.6克,香菜: 36.0克,火腿: 19.9克,猪肉(瘦): 16.6克,玉米淀粉: 53.5克,精盐: 0.2克,花生油: 1.0克"," (18, 30)_男_低,YES: 硫胺素(毫克): 0.49885符合,核黄素(毫克): 0.5077699999999999符合,镁(毫克): 114.51599999999999符合,脂肪(克): 23.841299999999997 within (15.933333333333332, 23.900000000000002),烟酸(毫克): 5.1963 within (5.0, 11.666666666666666),铁(毫克): 9.053200000000002 within (4.0, 14.0),维生素E(毫克): 13.85956 within (4.666666666666667, 233.33333333333334),锌(毫克): 4.20511 within (4.0, 13.333333333333334),维生素A(微克): 277.6019999999999 within (256.6666666666667, 1000.0),铜(毫克): 0.75035 within (0.26666666666666666, 2.6666666666666665),钾(毫克): 685.622符合,磷(毫克): 415.795 within (240.0, 1166.6666666666667),钠(毫克): 493.4030000000001符合,硒(微克): 21.438570000000002 within (20.0, 133.33333333333334), NO: 钙(毫克): 166.989 not (266.6666666666667, 666.6666666666666),蛋白质(克): 39.3766 not (21.666666666666668, 35.833333333333336),维生素C(毫克): 17.28 not (33.333333333333336, 666.6666666666666),锰(毫克): 1.0568900000000003 not (1.5, 3.6666666666666665),膳食纤维(克): 1.8207000000000002 not (8.333333333333334, 10.0)"
