index,nutrient_sums,suitable_combinations
0,"豆腐(内脂): 336.0克,鸡蛋: 126.0克,香菜: 12.7克,火腿: 25.1克,猪肉(瘦): 0.0克,玉米淀粉: 36.6克,精盐: 0.2克,花生油: 0.4克"," (18, 30)_女_高,YES: 硫胺素(毫克): 0.4265399999999999符合,蛋白质(克): 38.241800000000005 within (18.333333333333332, 40.833333333333336),镁(毫克): 104.65899999999999符合,脂肪(克): 24.836399999999998 within (18.146666666666665, 27.233333333333334),烟酸(毫克): 4.1006 within (4.0, 11.666666666666666),铁(毫克): 7.606099999999999 within (6.0, 14.0),维生素E(毫克): 13.742639999999998 within (4.666666666666667, 233.33333333333334),锌(毫克): 3.86865 within (2.8333333333333335, 13.333333333333334),维生素A(微克): 306.38599999999997 within (220.0, 1000.0),铜(毫克): 0.69905 within (0.26666666666666666, 2.6666666666666665),钾(毫克): 605.964符合,磷(毫克): 393.34299999999996 within (240.0, 1166.6666666666667),钠(毫克): 547.057符合,硒(微克): 21.855959999999996 within (20.0, 133.33333333333334), NO: 钙(毫克): 147.94 not (266.6666666666667, 666.6666666666666),核黄素(毫克): 0.49601不合适,维生素C(毫克): 6.096 not (33.333333333333336, 666.6666666666666),锰(毫克): 0.9898000000000001 not (1.3333333333333333, 3.6666666666666665),膳食纤维(克): 1.5330000000000001 not (8.333333333333334, 10.0)"
