index,nutrient_sums,suitable_combinations
0,"豆腐(内脂): 387.8克,鸡蛋: 108.3克,香菜: 18.0克,火腿: 33.2克,猪肉(瘦): 0.0克,玉米淀粉: 63.4克,精盐: 0.0克,花生油: 0.0克"," (18, 30)_男_高,YES: 硫胺素(毫克): 0.47098999999999996符合,蛋白质(克): 40.1907 within (21.666666666666668, 50.0),核黄素(毫克): 0.48919符合,镁(毫克): 120.286符合,脂肪(克): 26.1308 within (22.223333333333333, 33.333333333333336),烟酸(毫克): 5.3286 within (5.0, 11.666666666666666),铁(毫克): 9.0568 within (4.0, 14.0),维生素E(毫克): 15.044599999999999 within (4.666666666666667, 233.33333333333334),锌(毫克): 4.17938 within (4.0, 13.333333333333334),维生素A(微克): 268.694 within (256.6666666666667, 1000.0),铜(毫克): 0.7753300000000001 within (0.26666666666666666, 2.6666666666666665),钾(毫克): 662.264符合,磷(毫克): 416.386 within (240.0, 1166.6666666666667),钠(毫克): 540.7423符合,硒(微克): 20.19 within (20.0, 133.33333333333334), NO: 钙(毫克): 157.162 not (266.6666666666667, 666.6666666666666),维生素C(毫克): 8.64 not (33.333333333333336, 666.6666666666666),锰(毫克): 1.14698 not (1.5, 3.6666666666666665),膳食纤维(克): 1.8306 not (8.333333333333334, 10.0)"
