index,nutrient_sums,suitable_combinations
0,"豆腐(内脂): 343.5克,鸡蛋: 111.8克,香菜: 11.4克,火腿: 27.7克,猪肉(瘦): 13.0克,玉米淀粉: 60.0克,精盐: 0.0克,花生油: 0.6克"," (18, 30)_男_中,YES: 硫胺素(毫克): 0.49940000000000007符合,蛋白质(克): 40.0406 within (21.666666666666668, 42.5),核黄素(毫克): 0.4828符合,镁(毫克): 109.78399999999999符合,脂肪(克): 25.465699999999995 within (18.89, 28.333333333333332),烟酸(毫克): 5.2360999999999995 within (5.0, 11.666666666666666),铁(毫克): 8.7314 within (4.0, 14.0),维生素E(毫克): 13.86458 within (4.666666666666667, 233.33333333333334),锌(毫克): 4.214250000000001 within (4.0, 13.333333333333334),维生素A(微克): 280.074 within (256.6666666666667, 1000.0),铜(毫克): 0.7175499999999999 within (0.26666666666666666, 2.6666666666666665),钾(毫克): 634.9009999999998符合,磷(毫克): 411.311 within (240.0, 1166.6666666666667),钠(毫克): 486.82189999999997符合,硒(微克): 21.347040000000003 within (20.0, 133.33333333333334), NO: 钙(毫克): 145.0 not (266.6666666666667, 666.6666666666666),维生素C(毫克): 5.472 not (33.333333333333336, 666.6666666666666),锰(毫克): 1.0167000000000002 not (1.5, 3.6666666666666665),膳食纤维(克): 1.5708000000000002 not (8.333333333333334, 10.0)"
