index,nutrient_sums,suitable_combinations
0,"豆腐(内脂): 343.7克,鸡蛋: 90.7克,香菜: 40.0克,火腿: 23.7克,猪肉(瘦): 0.0克,玉米淀粉: 36.5克,精盐: 0.2克,花生油: 0.4克"," (18, 30)_女_中,YES: 硫胺素(毫克): 0.3993符合,蛋白质(克): 34.198100000000004 within (18.333333333333332, 35.0),核黄素(毫克): 0.43993000000000004符合,镁(毫克): 111.69999999999999符合,脂肪(克): 21.6018 within (15.556666666666667, 23.333333333333332),烟酸(毫克): 4.5322000000000005 within (4.0, 11.666666666666666),铁(毫克): 7.7185999999999995 within (6.0, 14.0),维生素E(毫克): 13.55134 within (4.666666666666667, 233.33333333333334),锌(毫克): 3.6152200000000003 within (2.8333333333333335, 13.333333333333334),维生素A(微克): 223.14 within (220.0, 1000.0),铜(毫克): 0.7122499999999998 within (0.26666666666666666, 2.6666666666666665),钾(毫克): 630.0849999999999符合,磷(毫克): 363.93399999999997 within (240.0, 1166.6666666666667),钠(毫克): 499.15070000000003符合, NO: 钙(毫克): 156.99400000000003 not (266.6666666666667, 666.6666666666666),维生素C(毫克): 19.200000000000003 not (33.333333333333336, 666.6666666666666),锰(毫克): 1.07153 not (1.3333333333333333, 3.6666666666666665),膳食纤维(克): 1.8913 not (8.333333333333334, 10.0),硒(微克): 16.959 not (20.0, 133.33333333333334)"
