index,nutrient_sums,suitable_combinations
0,"豆腐(内脂): 300.6克,鸡蛋: 112.8克,香菜: 28.0克,火腿: 30.5克,猪肉(瘦): 16.2克,玉米淀粉: 53.1克,精盐: 0.0克,花生油: 1.0克"," (30, 50)_男_中,YES: 硫胺素(毫克): 0.50445符合,蛋白质(克): 39.342200000000005 within (21.666666666666668, 41.666666666666664),核黄素(毫克): 0.49882999999999994符合,镁(毫克): 106.02符合,脂肪(克): 26.1633 within (18.52, 27.766666666666666),烟酸(毫克): 5.8091 within (5.0, 11.666666666666666),铁(毫克): 8.7828 within (4.0, 14.0),维生素E(毫克): 12.818760000000001 within (4.666666666666667, 233.33333333333334),锌(毫克): 4.21587 within (4.0, 13.333333333333334),维生素A(微克): 285.10999999999996 within (256.6666666666667, 1000.0),铜(毫克): 0.6996699999999999 within (0.26666666666666666, 2.6666666666666665),钾(毫克): 656.21符合,磷(毫克): 403.19499999999994 within (236.66666666666666, 1166.6666666666667),钠(毫克): 525.2892符合,硒(微克): 21.56923 within (20.0, 133.33333333333334), NO: 钙(毫克): 154.115 not (266.6666666666667, 666.6666666666666),维生素C(毫克): 13.440000000000001 not (33.333333333333336, 666.6666666666666),锰(毫克): 0.95199 not (1.5, 3.6666666666666665),膳食纤维(克): 1.5915000000000001 not (8.333333333333334, 10.0)"
