index,nutrient_sums,suitable_combinations
0,"豆腐(内脂): 313.7克,鸡蛋: 88.6克,香菜: 33.4克,火腿: 13.7克,猪肉(瘦): 16.6克,玉米淀粉: 9.9克,精盐: 0.5克,花生油: 0.8克"," (30, 50)_女_中,YES: 硫胺素(毫克): 0.43000999999999995符合,蛋白质(克): 33.7506 within (18.333333333333332, 34.166666666666664),核黄素(毫克): 0.41298000000000007符合,镁(毫克): 102.67999999999999符合,脂肪(克): 19.482799999999997 within (15.186666666666667, 22.766666666666666),烟酸(毫克): 4.02 within (4.0, 11.666666666666666),铁(毫克): 6.4738 within (6.0, 14.0),维生素E(毫克): 12.62658 within (4.666666666666667, 233.33333333333334),锌(毫克): 3.6564600000000005 within (2.8333333333333335, 13.333333333333334),维生素A(微克): 220.92999999999998 within (220.0, 1000.0),铜(毫克): 0.6489 within (0.26666666666666666, 2.6666666666666665),钾(毫克): 606.947符合,磷(毫克): 356.654 within (236.66666666666666, 1166.6666666666667),钠(毫克): 508.4144符合, NO: 钙(毫克): 140.074 not (266.6666666666667, 666.6666666666666),维生素C(毫克): 16.031999999999996 not (33.333333333333336, 666.6666666666666),锰(毫克): 0.9640799999999999 not (1.3333333333333333, 3.6666666666666665),膳食纤维(克): 1.6655000000000002 not (8.333333333333334, 10.0),硒(微克): 17.478679999999997 not (20.0, 133.33333333333334)"
