index,nutrient_sums,suitable_combinations
0,"豆腐(内脂): 355.0克,鸡蛋: 117.5克,香菜: 6.6克,火腿: 33.9克,猪肉(瘦): 0.0克,玉米淀粉: 0.0克,精盐: 0.0克,花生油: 0.0克"," (30, 50)_女_高,YES: 硫胺素(毫克): 0.43981符合,蛋白质(克): 38.9203 within (18.333333333333332, 40.0),镁(毫克): 105.90799999999999符合,脂肪(克): 26.4 within (17.776666666666667, 26.666666666666668),烟酸(毫克): 4.3606 within (4.0, 11.666666666666666),铁(毫克): 6.127199999999999 within (6.0, 14.0),维生素E(毫克): 14.059 within (4.666666666666667, 233.33333333333334),锌(毫克): 4.00694 within (2.8333333333333335, 13.333333333333334),维生素A(微克): 290.544 within (220.0, 1000.0),铜(毫克): 0.6787299999999999 within (0.26666666666666666, 2.6666666666666665),钾(毫克): 610.7320000000001符合,磷(毫克): 388.844 within (236.66666666666666, 1166.6666666666667),钠(毫克): 548.8248符合,硒(微克): 20.76003 within (20.0, 133.33333333333334), NO: 钙(毫克): 133.833 not (266.6666666666667, 666.6666666666666),核黄素(毫克): 0.4635不合适,维生素C(毫克): 3.168 not (33.333333333333336, 666.6666666666666),锰(毫克): 1.00204 not (1.3333333333333333, 3.6666666666666665),膳食纤维(克): 1.4991999999999999 not (8.333333333333334, 10.0)"
