index,nutrient_sums,suitable_combinations
0,"豆腐(内脂): 277.1克,鸡蛋: 106.1克,香菜: 40.0克,火腿: 19.5克,猪肉(瘦): 24.5克,玉米淀粉: 13.4克,精盐: 0.3克,花生油: 0.0克"," (30, 50)_男_低,YES: 硫胺素(毫克): 0.48989000000000005符合,核黄素(毫克): 0.47301000000000004符合,镁(毫克): 101.14900000000002符合,脂肪(克): 21.6371 within (15.186666666666667, 22.766666666666666),烟酸(毫克): 5.0464 within (5.0, 11.666666666666666),铁(毫克): 7.201800000000002 within (4.0, 14.0),维生素E(毫克): 11.545 within (4.666666666666667, 233.33333333333334),锌(毫克): 4.037680000000001 within (4.0, 13.333333333333334),维生素A(微克): 268.024 within (256.6666666666667, 1000.0),铜(毫克): 0.65573 within (0.26666666666666666, 2.6666666666666665),钾(毫克): 654.1780000000001符合,磷(毫克): 382.68200000000013 within (236.66666666666666, 1166.6666666666667),钠(毫克): 521.4271符合,硒(微克): 20.670800000000003 within (20.0, 133.33333333333334), NO: 钙(毫克): 151.45600000000002 not (266.6666666666667, 666.6666666666666),蛋白质(克): 36.9406 not (21.666666666666668, 34.166666666666664),维生素C(毫克): 19.200000000000003 not (33.333333333333336, 666.6666666666666),锰(毫克): 0.8976200000000002 not (1.5, 3.6666666666666665),膳食纤维(克): 1.6018000000000003 not (8.333333333333334, 10.0)"
