index,nutrient_sums,suitable_combinations
0,"豆腐(内脂): 324.2克,鸡蛋: 91.2克,香菜: 19.9克,火腿: 0.0克,猪肉(瘦): 49.4克,玉米淀粉: 44.9克,精盐: 0.9克,花生油: 0.0克"," (30, 50)_女_低,YES: 核黄素(毫克): 0.43872符合,镁(毫克): 108.55699999999999符合,脂肪(克): 17.3727 within (12.6, 18.900000000000002),烟酸(毫克): 4.704899999999999 within (4.0, 11.666666666666666),铁(毫克): 8.2817 within (6.0, 14.0),维生素E(毫克): 12.57416 within (4.666666666666667, 233.33333333333334),锌(毫克): 4.39548 within (2.8333333333333335, 13.333333333333334),维生素A(微克): 235.144 within (220.0, 1000.0),铜(毫克): 0.68708 within (0.26666666666666666, 2.6666666666666665),钾(毫克): 656.954符合,磷(毫克): 417.696 within (236.66666666666666, 1166.6666666666667),钠(毫克): 535.3610000000001符合,硒(微克): 20.82587 within (20.0, 133.33333333333334), NO: 硫胺素(毫克): 0.58303不合适,钙(毫克): 137.529 not (266.6666666666667, 666.6666666666666),蛋白质(克): 39.26480000000001 not (18.333333333333332, 28.333333333333332),维生素C(毫克): 9.552 not (33.333333333333336, 666.6666666666666),锰(毫克): 0.975 not (1.3333333333333333, 3.6666666666666665),膳食纤维(克): 1.5805 not (8.333333333333334, 10.0)"
