index,nutrient_sums,suitable_combinations
0,"豆腐(内脂): 212.3克,鸡蛋: 108.5克,香菜: 75.8克,火腿: 22.7克,猪肉(瘦): 29.4克,玉米淀粉: 0.0克,精盐: 0.0克,花生油: 0.1克"," (30, 50)_男_高,YES: 硫胺素(毫克): 0.49937000000000004符合,蛋白质(克): 36.01010000000001 within (21.666666666666668, 49.166666666666664),核黄素(毫克): 0.51259符合,镁(毫克): 98.70799999999998符合,脂肪(克): 22.027400000000004 within (21.853333333333335, 32.766666666666666),烟酸(毫克): 6.0319 within (5.0, 11.666666666666666),铁(毫克): 7.4509 within (4.0, 14.0),维生素C(毫克): 36.384 within (33.333333333333336, 666.6666666666666),维生素E(毫克): 9.847399999999999 within (4.666666666666667, 233.33333333333334),锌(毫克): 4.07211 within (4.0, 13.333333333333334),维生素A(微克): 277.268 within (256.6666666666667, 1000.0),铜(毫克): 0.64857 within (0.26666666666666666, 2.6666666666666665),钾(毫克): 714.562符合,磷(毫克): 375.21399999999994 within (236.66666666666666, 1166.6666666666667),钠(毫克): 456.61709999999994符合,硒(微克): 21.14292 within (20.0, 133.33333333333334), NO: 钙(毫克): 175.866 not (266.6666666666667, 666.6666666666666),锰(毫克): 0.8258500000000001 not (1.5, 3.6666666666666665),膳食纤维(克): 1.7588000000000001 not (8.333333333333334, 10.0)"
