index,nutrient_sums,suitable_combinations
0,"豆腐(内脂): 284.8克,鸡蛋: 118.2克,香菜: 40.0克,火腿: 24.7克,猪肉(瘦): 0.0克,玉米淀粉: 79.5克,精盐: 0.1克,花生油: 0.4克"," (50, 65)_女_高,YES: 硫胺素(毫克): 0.40991符合,蛋白质(克): 35.5866 within (18.333333333333332, 38.333333333333336),镁(毫克): 103.09199999999998符合,脂肪(克): 23.2197 within (17.036666666666665, 25.566666666666666),烟酸(毫克): 4.969500000000001 within (4.0, 11.666666666666666),铁(毫克): 9.5384 within (3.3333333333333335, 14.0),维生素E(毫克): 12.1452 within (4.666666666666667, 233.33333333333334),锌(毫克): 3.65383 within (2.8333333333333335, 13.333333333333334),维生素A(微克): 287.95 within (220.0, 1000.0),铜(毫克): 0.70769 within (0.26666666666666666, 2.6666666666666665),钾(毫克): 622.106符合,磷(毫克): 377.761 within (236.66666666666666, 1166.6666666666667),钠(毫克): 505.8086符合,硒(微克): 20.75491 within (20.0, 133.33333333333334), NO: 钙(毫克): 170.12900000000002 not (266.6666666666667, 666.6666666666666),核黄素(毫克): 0.51461不合适,维生素C(毫克): 19.200000000000003 not (33.333333333333336, 666.6666666666666),锰(毫克): 0.9510000000000002 not (1.3333333333333333, 3.6666666666666665),膳食纤维(克): 1.6987 not (8.333333333333334, 10.0)"
