index,nutrient_sums,suitable_combinations
0,"豆腐(内脂): 231.6克,鸡蛋: 209.2克,香菜: 100.0克,火腿: 13.6克,猪肉(瘦): 5.1克,玉米淀粉: 50.0克,精盐: 0.1克,花生油: 0.2克"," (50, 65)_男_高,YES: 硫胺素(毫克): 0.48969999999999997符合,钙(毫克): 267.284 within (266.6666666666667, 666.6666666666666),蛋白质(克): 45.0149 within (21.666666666666668, 46.666666666666664),镁(毫克): 116.505符合,脂肪(克): 27.502399999999998 within (20.74, 31.099999999999998),烟酸(毫克): 5.3031符合,铁(毫克): 11.395800000000001 within (4.0, 14.0),维生素C(毫克): 48.0 within (33.333333333333336, 666.6666666666666),维生素E(毫克): 12.4097 within (4.666666666666667, 233.33333333333334),锌(毫克): 4.51745 within (4.0, 13.333333333333334),维生素A(微克): 498.028 within (250.0, 1000.0),铜(毫克): 0.8768100000000001 within (0.26666666666666666, 2.6666666666666665),磷(毫克): 487.38100000000003 within (236.66666666666666, 1166.6666666666667),钠(毫克): 531.6120999999999符合,硒(微克): 33.64194 within (20.0, 133.33333333333334), NO: 核黄素(毫克): 0.81166不合适,锰(毫克): 0.9987600000000001 not (1.5, 3.6666666666666665),膳食纤维(克): 2.1763999999999997 not (8.333333333333334, 10.0),钾(毫克): 863.6789999999999不合适"
