index,nutrient_sums,suitable_combinations
0,"豆腐(内脂): 257.3克,鸡蛋: 85.7克,香菜: 5.1克,火腿: 4.8克,猪肉(瘦): 98.0克,玉米淀粉: 40.1克,精盐: 0.8克,花生油: 0.0克"," (50, 65)_女_中,YES: 核黄素(毫克): 0.43407999999999997符合,镁(毫克): 99.887符合,脂肪(克): 19.882 within (14.443333333333333, 21.666666666666668),烟酸(毫克): 7.103400000000001 within (4.0, 11.666666666666666),铁(毫克): 8.5779 within (3.3333333333333335, 14.0),维生素E(毫克): 10.377259999999998 within (4.666666666666667, 233.33333333333334),锌(毫克): 5.4526900000000005 within (2.8333333333333335, 13.333333333333334),维生素A(微克): 245.86599999999999 within (220.0, 1000.0),铜(毫克): 0.61458 within (0.26666666666666666, 2.6666666666666665),钾(毫克): 703.0649999999999符合,磷(毫克): 460.135 within (236.66666666666666, 1166.6666666666667),硒(微克): 24.140839999999997 within (20.0, 133.33333333333334), NO: 硫胺素(毫克): 0.80536不合适,钙(毫克): 110.302 not (266.6666666666667, 666.6666666666666),蛋白质(克): 45.49810000000001 not (18.333333333333332, 32.5),维生素C(毫克): 2.448 not (33.333333333333336, 666.6666666666666),锰(毫克): 0.77123 not (1.3333333333333333, 3.6666666666666665),膳食纤维(克): 1.1305 not (8.333333333333334, 10.0),钠(毫克): 557.1621不合适"
