index,nutrient_sums,suitable_combinations
0,"豆腐(内脂): 300.0克,鸡蛋: 119.5克,香菜: 29.7克,火腿: 18.3克,猪肉(瘦): 23.9克,玉米淀粉: 0.0克,精盐: 0.2克,花生油: 0.0克"," (50, 65)_男_中,YES: 硫胺素(毫克): 0.50363符合,蛋白质(克): 39.207800000000006 within (21.666666666666668, 40.0),核黄素(毫克): 0.49460000000000004符合,镁(毫克): 103.39符合,脂肪(克): 22.8308 within (17.776666666666667, 26.666666666666668),烟酸(毫克): 4.6329符合,铁(毫克): 6.7729 within (4.0, 14.0),维生素E(毫克): 12.44406 within (4.666666666666667, 233.33333333333334),锌(毫克): 4.20852 within (4.0, 13.333333333333334),维生素A(微克): 298.564 within (250.0, 1000.0),铜(毫克): 0.67283 within (0.26666666666666666, 2.6666666666666665),钾(毫克): 662.997符合,磷(毫克): 402.54400000000004 within (236.66666666666666, 1166.6666666666667),钠(毫克): 481.97760000000005符合,硒(微克): 22.53606 within (20.0, 133.33333333333334), NO: 钙(毫克): 149.94400000000002 not (266.6666666666667, 666.6666666666666),维生素C(毫克): 14.256 not (33.333333333333336, 666.6666666666666),锰(毫克): 0.92603 not (1.5, 3.6666666666666665),膳食纤维(克): 1.5564000000000002 not (8.333333333333334, 10.0)"
