index,nutrient_sums,suitable_combinations
0,"豆腐(内脂): 250.5克,鸡蛋: 86.0克,香菜: 21.2克,火腿: 0.0克,猪肉(瘦): 63.7克,玉米淀粉: 89.2克,精盐: 0.7克,花生油: 0.4克"," (50, 65)_女_低,YES: 核黄素(毫克): 0.43641符合,镁(毫克): 97.01499999999999符合,脂肪(克): 16.8505 within (11.853333333333333, 17.766666666666666),烟酸(毫克): 5.7472 within (4.0, 11.666666666666666),铁(毫克): 9.8364 within (3.3333333333333335, 14.0),维生素E(毫克): 10.303120000000002 within (4.666666666666667, 233.33333333333334),锌(毫克): 4.407660000000001 within (2.8333333333333335, 13.333333333333334),维生素A(微克): 229.268 within (220.0, 1000.0),铜(毫克): 0.63326 within (0.26666666666666666, 2.6666666666666665),钾(毫克): 629.6019999999999符合,磷(毫克): 407.726 within (236.66666666666666, 1166.6666666666667),钠(毫克): 456.84209999999996符合,硒(微克): 21.156710000000004 within (20.0, 133.33333333333334), NO: 硫胺素(毫克): 0.62412不合适,钙(毫克): 132.23700000000002 not (266.6666666666667, 666.6666666666666),蛋白质(克): 38.3461 not (18.333333333333332, 26.666666666666668),维生素C(毫克): 10.176 not (33.333333333333336, 666.6666666666666),锰(毫克): 0.8121199999999998 not (1.3333333333333333, 3.6666666666666665),膳食纤维(克): 1.3456 not (8.333333333333334, 10.0)"
