index,nutrient_sums,suitable_combinations
0,"豆腐(内脂): 242.5克,鸡蛋: 101.1克,香菜: 79.9克,火腿: 0.0克,猪肉(瘦): 40.7克,玉米淀粉: 0.0克,精盐: 0.8克,花生油: 0.8克"," (50, 65)_男_低,YES: 硫胺素(毫克): 0.5084500000000001符合,核黄素(毫克): 0.49828符合,镁(毫克): 104.88400000000001符合,脂肪(克): 17.1465 within (14.443333333333333, 21.666666666666668),烟酸(毫克): 4.8446符合,铁(毫克): 7.5313 within (4.0, 14.0),维生素C(毫克): 38.352000000000004 within (33.333333333333336, 666.6666666666666),维生素E(毫克): 10.8798 within (4.666666666666667, 233.33333333333334),锌(毫克): 4.028090000000001 within (4.0, 13.333333333333334),维生素A(微克): 254.48199999999997 within (250.0, 1000.0),铜(毫克): 0.6817799999999999 within (0.26666666666666666, 2.6666666666666665),钾(毫克): 727.6519999999999符合,磷(毫克): 385.849 within (236.66666666666666, 1166.6666666666667),钠(毫克): 525.1365000000001符合,硒(微克): 20.759960000000003 within (20.0, 133.33333333333334), NO: 钙(毫克): 181.25399999999996 not (266.6666666666667, 666.6666666666666),蛋白质(克): 35.27160000000001 not (21.666666666666668, 32.5),锰(毫克): 0.91183 not (1.5, 3.6666666666666665),膳食纤维(克): 1.9287999999999998 not (8.333333333333334, 10.0)"
