index,nutrient_sums,suitable_combinations
0,"豆腐(内脂): 354.6克,鸡蛋: 88.6克,香菜: 0.0克,火腿: 0.0克,猪肉(瘦): 52.2克,玉米淀粉: 0.0克,精盐: 0.7克,花生油: 0.0克"," (65, 75)_女_中,YES: 核黄素(毫克): 0.39780000000000004符合,镁(毫克): 107.028符合,脂肪(克): 17.7706 within (13.703333333333333, 20.566666666666666),烟酸(毫克): 4.0076 within (4.0, 11.666666666666666),铁(毫克): 6.1818 within (3.3333333333333335, 14.0),维生素E(毫克): 13.36768 within (4.666666666666667, 233.33333333333334),锌(毫克): 4.487360000000001 within (2.8333333333333335, 13.333333333333334),维生素A(微克): 230.29199999999997 within (213.33333333333334, 1000.0),铜(毫克): 0.6522800000000001 within (0.26666666666666666, 2.6666666666666665),钾(毫克): 632.622符合,磷(毫克): 415.96000000000004 within (226.66666666666666, 1000.0),钠(毫克): 444.39539999999994符合,硒(微克): 20.5435 within (20.0, 133.33333333333334), NO: 硫胺素(毫克): 0.5921000000000001不合适,钙(毫克): 113.184 not (266.6666666666667, 666.6666666666666),蛋白质(克): 40.1104 not (20.666666666666668, 30.833333333333332),维生素C(毫克): 0.0 not (33.333333333333336, 666.6666666666666),锰(毫克): 0.9750900000000001 not (1.3333333333333333, 3.6666666666666665),膳食纤维(克): 1.4184 not (8.333333333333334, 10.0)"
