index,nutrient_sums,suitable_combinations
0,"豆腐(内脂): 255.2克,鸡蛋: 117.3克,香菜: 25.2克,火腿: 16.2克,猪肉(瘦): 26.5克,玉米淀粉: 84.4克,精盐: 0.2克,花生油: 0.5克"," (65, 75)_男_中,YES: 硫胺素(毫克): 0.50601符合,蛋白质(克): 37.7988 within (24.0, 38.333333333333336),核黄素(毫克): 0.5033900000000001符合,镁(毫克): 96.23700000000002符合,脂肪(克): 21.937700000000003 within (17.036666666666665, 25.566666666666666),烟酸(毫克): 5.2806999999999995 within (5.0, 11.666666666666666),铁(毫克): 9.662300000000002 within (4.0, 14.0),维生素E(毫克): 11.10944 within (4.666666666666667, 233.33333333333334),锌(毫克): 4.02841 within (4.0, 13.333333333333334),维生素A(微克): 293.59400000000005 within (243.33333333333334, 1000.0),铜(毫克): 0.6628499999999999 within (0.26666666666666666, 2.6666666666666665),钾(毫克): 614.876符合,磷(毫克): 396.142 within (226.66666666666666, 1000.0),钠(毫克): 458.0439符合,硒(微克): 22.6097 within (20.0, 133.33333333333334), NO: 钙(毫克): 151.89600000000002 not (266.6666666666667, 666.6666666666666),维生素C(毫克): 12.096 not (33.333333333333336, 666.6666666666666),锰(毫克): 0.83986 not (1.5, 3.6666666666666665),膳食纤维(克): 1.4076000000000002 not (8.333333333333334, 10.0)"
