index,nutrient_sums,suitable_combinations
0,"豆腐(内脂): 217.0克,鸡蛋: 101.2克,香菜: 60.0克,火腿: 21.5克,猪肉(瘦): 29.6克,玉米淀粉: 89.4克,精盐: 0.0克,花生油: 0.0克"," (65, 75)_男_低,YES: 硫胺素(毫克): 0.5123800000000001符合,核黄素(毫克): 0.50705符合,镁(毫克): 99.06400000000001符合,脂肪(克): 21.084200000000003 within (14.073333333333332, 21.099999999999998),烟酸(毫克): 6.5746 within (5.0, 11.666666666666666),铁(毫克): 10.437 within (4.0, 14.0),维生素E(毫克): 9.688920000000001 within (4.666666666666667, 233.33333333333334),锌(毫克): 4.006600000000001 within (4.0, 13.333333333333334),维生素A(微克): 259.722 within (243.33333333333334, 1000.0),铜(毫克): 0.6722400000000001 within (0.26666666666666666, 2.6666666666666665),钾(毫克): 669.9300000000001符合,磷(毫克): 382.29400000000004 within (226.66666666666666, 1000.0),钠(毫克): 432.3587符合,硒(微克): 20.659830000000007 within (20.0, 133.33333333333334), NO: 钙(毫克): 172.675 not (266.6666666666667, 666.6666666666666),蛋白质(克): 35.91120000000001 not (23.75, 31.666666666666668),维生素C(毫克): 28.799999999999997 not (33.333333333333336, 666.6666666666666),锰(毫克): 0.83486 not (1.5, 3.6666666666666665),膳食纤维(克): 1.6774 not (8.333333333333334, 10.0)"
