index,nutrient_sums,suitable_combinations
0,"豆腐(内脂): 287.9克,鸡蛋: 94.1克,香菜: 40.0克,火腿: 0.0克,猪肉(瘦): 42.0克,玉米淀粉: 0.0克,精盐: 0.7克,花生油: 0.0克"," (65, 75)_女_低,YES: 核黄素(毫克): 0.43844符合,镁(毫克): 102.21999999999998符合,脂肪(克): 16.5149 within (11.479999999999999, 17.233333333333334),烟酸(毫克): 4.1579 within (4.0, 11.666666666666666),铁(毫克): 6.6122 within (3.3333333333333335, 14.0),维生素E(毫克): 11.579779999999996 within (4.666666666666667, 233.33333333333334),锌(毫克): 4.056030000000001 within (2.8333333333333335, 13.333333333333334),维生素A(微克): 238.67399999999998 within (213.33333333333334, 1000.0),铜(毫克): 0.6466 within (0.26666666666666666, 2.6666666666666665),钾(毫克): 655.4169999999999符合,磷(毫克): 385.413 within (226.66666666666666, 1000.0),钠(毫克): 460.8941符合,硒(微克): 20.03493 within (20.0, 133.33333333333334), NO: 硫胺素(毫克): 0.51905不合适,钙(毫克): 144.713 not (266.6666666666667, 666.6666666666666),蛋白质(克): 36.1563 not (20.666666666666668, 25.833333333333332),维生素C(毫克): 19.200000000000003 not (33.333333333333336, 666.6666666666666),锰(毫克): 0.9128099999999998 not (1.3333333333333333, 3.6666666666666665),膳食纤维(克): 1.6316 not (8.333333333333334, 10.0)"
