index,nutrient_sums,suitable_combinations
0,"豆腐(内脂): 297.4克,鸡蛋: 100.0克,香菜: 9.0克,火腿: 0.0克,猪肉(瘦): 83.8克,玉米淀粉: 15.0克,精盐: 0.8克,花生油: 0.0克"," (75, 100)_男_低,YES: 核黄素(毫克): 0.46162符合,镁(毫克): 106.212符合,脂肪(克): 19.6972 within (13.333333333333334, 20.0),烟酸(毫克): 5.896599999999999 within (5.0, 11.666666666666666),铁(毫克): 7.762199999999999 within (4.0, 14.0),维生素E(毫克): 11.892159999999997 within (4.666666666666667, 233.33333333333334),锌(毫克): 5.2972399999999995 within (4.0, 13.333333333333334),维生素A(微克): 270.872 within (236.66666666666666, 1000.0),铜(毫克): 0.65932 within (0.2333333333333333, 2.6666666666666665),钾(毫克): 717.912符合,磷(毫克): 466.06 within (226.66666666666666, 1000.0),硒(微克): 24.870639999999998 within (20.0, 133.33333333333334), NO: 硫胺素(毫克): 0.74906不合适,钙(毫克): 123.552 not (266.6666666666667, 666.6666666666666),蛋白质(克): 45.5234 not (24.0, 30.0),维生素C(毫克): 4.32 not (33.333333333333336, 666.6666666666666),锰(毫克): 0.8734 not (1.5, 3.6666666666666665),膳食纤维(克): 1.3126 not (8.333333333333334, 10.0),钠(毫克): 518.5166不合适"
