index,nutrient_sums,suitable_combinations
0,"豆腐(内脂): 250.1克,鸡蛋: 73.7克,香菜: 21.0克,火腿: 0.0克,猪肉(瘦): 80.3克,玉米淀粉: 60.0克,精盐: 0.7克,花生油: 0.2克"," (75, 100)_女_低,YES: 核黄素(毫克): 0.40771999999999997符合,镁(毫克): 98.01700000000001符合,脂肪(克): 16.5599 within (11.11, 16.666666666666668),烟酸(毫克): 6.2756 within (4.0, 11.666666666666666),铁(毫克): 8.9056 within (3.3333333333333335, 14.0),维生素E(毫克): 10.03448 within (4.666666666666667, 233.33333333333334),锌(毫克): 4.738360000000001 within (2.8333333333333335, 13.333333333333334),维生素A(微克): 207.79 within (200.0, 1000.0),铜(毫克): 0.6113899999999999 within (0.2333333333333333, 2.6666666666666665),钾(毫克): 658.0279999999999符合,磷(毫克): 415.45399999999995 within (226.66666666666666, 1000.0),钠(毫克): 448.2434符合,硒(微克): 20.761190000000003 within (20.0, 133.33333333333334), NO: 硫胺素(毫克): 0.69115不合适,钙(毫克): 120.79499999999999 not (266.6666666666667, 666.6666666666666),蛋白质(克): 39.705999999999996 not (20.666666666666668, 25.0),维生素C(毫克): 10.08 not (33.333333333333336, 666.6666666666666),锰(毫克): 0.7953199999999998 not (1.3333333333333333, 3.6666666666666665),膳食纤维(克): 1.3124 not (8.333333333333334, 10.0)"
