index,nutrient_sums,suitable_combinations
0,"豆腐(内脂): 252.7克,鸡蛋: 104.2克,香菜: 34.3克,火腿: 23.3克,猪肉(瘦): 27.0克,玉米淀粉: 0.0克,精盐: 0.0克,花生油: 0.6克"," (75, 100)_男_中,YES: 硫胺素(毫克): 0.491符合,蛋白质(克): 36.32 within (24.0, 36.666666666666664),核黄素(毫克): 0.45314000000000004符合,镁(毫克): 93.809符合,脂肪(克): 22.7657 within (16.296666666666667, 24.433333333333334),烟酸(毫克): 5.1559 within (5.0, 11.666666666666666),铁(毫克): 6.440300000000001 within (4.0, 14.0),维生素E(毫克): 10.960259999999998 within (4.666666666666667, 233.33333333333334),锌(毫克): 4.00386 within (4.0, 13.333333333333334),维生素A(微克): 266.426 within (236.66666666666666, 1000.0),铜(毫克): 0.60608 within (0.2333333333333333, 2.6666666666666665),钾(毫克): 627.445符合,磷(毫克): 368.396 within (226.66666666666666, 1000.0),钠(毫克): 438.57840000000004符合,硒(微克): 20.423289999999998 within (20.0, 133.33333333333334), NO: 钙(毫克): 138.34500000000003 not (266.6666666666667, 666.6666666666666),维生素C(毫克): 16.464 not (33.333333333333336, 666.6666666666666),锰(毫克): 0.81414 not (1.5, 3.6666666666666665),膳食纤维(克): 1.4223999999999999 not (8.333333333333334, 10.0)"
