index,nutrient_sums,suitable_combinations
0,"豆腐(内脂): 226.8克,鸡蛋: 75.3克,香菜: 19.4克,火腿: 0.0克,猪肉(瘦): 84.1克,玉米淀粉: 50.0克,精盐: 0.7克,花生油: 0.5克"," (75, 100)_女_中,YES: 核黄素(毫克): 0.4026100000000001符合,镁(毫克): 92.41300000000001符合,脂肪(克): 16.776900000000005 within (12.963333333333333, 19.433333333333334),烟酸(毫克): 6.2650999999999994 within (4.0, 11.666666666666666),铁(毫克): 8.427499999999998 within (3.3333333333333335, 14.0),维生素E(毫克): 9.430640000000002 within (4.666666666666667, 233.33333333333334),锌(毫克): 4.72667 within (2.8333333333333335, 13.333333333333334),维生素A(微克): 213.206 within (200.0, 1000.0),铜(毫克): 0.5777700000000001 within (0.2333333333333333, 2.6666666666666665),钾(毫克): 644.7979999999999符合,磷(毫克): 408.19599999999997 within (226.66666666666666, 1000.0),钠(毫克): 449.6457符合,硒(微克): 21.08442 within (20.0, 133.33333333333334), NO: 硫胺素(毫克): 0.6958099999999999不合适,钙(毫克): 114.578 not (266.6666666666667, 666.6666666666666),蛋白质(克): 39.3764 not (20.666666666666668, 29.166666666666668),维生素C(毫克): 9.312 not (33.333333333333336, 666.6666666666666),锰(毫克): 0.7280300000000002 not (1.3333333333333333, 3.6666666666666665),膳食纤维(克): 1.1900000000000002 not (8.333333333333334, 10.0)"
