index,nutrient_sums,suitable_combinations
0,"豆腐(内脂): 244.9克,鸡蛋: 101.3克,香菜: 60.0克,火腿: 7.9克,猪肉(瘦): 36.6克,玉米淀粉: 18.8克,精盐: 0.6克,花生油: 0.7克"," (18, 30)_男_低,YES: 硫胺素(毫克): 0.50777符合,蛋白质(克): 35.717299999999994 within (21.666666666666668, 35.833333333333336),核黄素(毫克): 0.48221符合,镁(毫克): 100.58999999999999符合,脂肪(克): 18.9594 within (15.933333333333332, 23.900000000000002),烟酸(毫克): 5.0833 within (5.0, 11.666666666666666),铁(毫克): 7.7753 within (4.0, 14.0),维生素E(毫克): 10.80972 within (4.666666666666667, 233.33333333333334),锌(毫克): 4.01795 within (4.0, 13.333333333333334),维生素A(微克): 256.78 within (256.6666666666667, 1000.0),铜(毫克): 0.6579499999999998 within (0.26666666666666666, 2.6666666666666665),钾(毫克): 682.4619999999999符合,磷(毫克): 381.772 within (240.0, 1166.6666666666667),钠(毫克): 521.9523符合,硒(微克): 20.675759999999997 within (20.0, 133.33333333333334), NO: 钙(毫克): 164.99399999999997 not (266.6666666666667, 666.6666666666666),维生素C(毫克): 28.799999999999997 not (33.333333333333336, 666.6666666666666),锰(毫克): 0.87285 not (1.5, 3.6666666666666665),膳食纤维(克): 1.7184 not (8.333333333333334, 10.0)"
