index,nutrient_sums,suitable_combinations,labels
7690,"豆腐(内脂): 400.0克,鸡蛋: 50.0克,香菜: 10.0克,火腿: 50.0克,猪肉(瘦): 50.0克,玉米淀粉: 25.0克,精盐: 1.0克,花生油: 1.0克"," (1, 2)_女_中,YES: 铁(毫克): 8.129 within (3.3333333333333335, 8.333333333333334),膳食纤维(克): 1.745 within (1.6666666666666667, 3.3333333333333335),维生素E(毫克): 15.0306 within (2.0, 50.0),维生素A(微克): 162.0 within (110.0, 233.33333333333334),硒(微克): 16.873000000000005 within (8.333333333333334, 26.666666666666668), NO: 热量（千卡）: 607.04不合适,硫胺素(毫克): 0.7165不合适,钙(毫克): 115.44 not (166.66666666666666, 500.0),蛋白质(克): 45.279999999999994不合适,核黄素(毫克): 0.374不合适,镁(毫克): 128.34000000000003不合适,脂肪(克): 29.863999999999997不合适,烟酸(毫克): 8.745000000000001 not (1.6666666666666667, 3.6666666666666665),碳水化合物(克): 39.644999999999996 not (40.0, 43.300000000000004),维生素C(毫克): 4.800000000000001 not (13.333333333333334, 133.33333333333334),锰(毫克): 1.1417不合适,锌(毫克): 5.3997 not (1.3333333333333333, 3.0),铜(毫克): 0.7313999999999999 not (0.09999999999999999, 0.6666666666666666),钾(毫克): 748.85不合适,磷(毫克): 443.79999999999995不合适,钠(毫克): 1063.0200000000002不合适",0